Id;Name
1;ProTreatment Slangerup ApS
2;ProTreatment Aarhus ApS (1729778)
3;ProTreatment Herlev ApS
4;ProTreatment Hillerød ApS
5;Prothreatment Albertslund ApS
6;ProTreatment Holding ApS
7;ProTreatment Invest ApS
8;ProTreatment Rønde ApS
9;ProTreatment Ålsgårde ApS
10;ProTreatment Albertslund Kanalgaden ApS
11;ProWorkout ApS
12;ProTreatment Åbyhøj ApS
13;ProTreatment Regstrup ApS
14;ProTreatment Ballerup ApS
15;ProTreatment Aarhus ApS
16;ProTreatment Tinglev ApS
17;ProTreatment Jorcks Passage ApS
18;ProTreatment Svinninge ApS
